{"cameraMode":{"drawMode":0,"name":"Shaded","section":"Shading Mode"},"sceneLighting":true,"audioPlay":false,"sceneViewState":{"showFog":true,"showMaterialUpdate":false,"showSkybox":true,"showFlares":true,"showImageEffects":true,"showParticleSystems":true},"in2DMode":false,"pivot":{"x":-29.313003540039064,"y":2.1940665245056154,"z":-11.27340316772461},"rotation":{"x":0.018283259123563768,"y":0.7354986667633057,"z":0.01986316591501236,"w":-0.6769914031028748},"size":9.596298217773438,"orthographic":false}