{"cameraMode":{"drawMode":0,"name":"Shaded","section":"Shading Mode"},"sceneLighting":true,"audioPlay":false,"sceneViewState":{"showFog":true,"showMaterialUpdate":false,"showSkybox":true,"showFlares":true,"showImageEffects":true,"showParticleSystems":true},"in2DMode":false,"pivot":{"x":-51.70016098022461,"y":-20.084447860717775,"z":12.889108657836914},"rotation":{"x":-0.17843398451805116,"y":0.565814197063446,"z":-0.12700842320919038,"w":-0.7949135899543762},"size":72.81912231445313,"orthographic":false}